<assembly xmlns="http://maven.apache.org/plugins/maven-assembly-plugin/assembly/1.1.2"
	xmlns:xsi="http://www.w3.org/2001/XMLSchema-instance"
	xsi:schemaLocation="http://maven.apache.org/plugins/maven-assembly-plugin/assembly/1.1.2 https://maven.apache.org/xsd/assembly-1.1.2.xsd">
	<id>zip</id>
	<formats>
		<format>zip</format>
	</formats>
	<baseDirectory></baseDirectory>
	<fileSets>
		<fileSet>
			<directory>target/classes</directory>
			<outputDirectory>/</outputDirectory>
			<useDefaultExcludes>true</useDefaultExcludes>
			<excludes>
				<exclude>bootstrap</exclude>
			</excludes>
		</fileSet>
		<fileSet>
			<directory>target/classes</directory>
			<outputDirectory>/</outputDirectory>
			<useDefaultExcludes>true</useDefaultExcludes>
			<fileMode>0775</fileMode>
			<includes>
				<include>bootstrap</include>
			</includes>
		</fileSet>
	</fileSets>
	<dependencySets>
		<dependencySet>
			<outputDirectory>/lib</outputDirectory>
			<unpack>false</unpack>
			<scope>runtime</scope>
		</dependencySet>
	</dependencySets>
</assembly>